class,base_strength,base_agility,base_parry,base_dodge,parry_per_strength,dodge_per_agi
warrior,192,125,3,3,0.004105,0.000100
paladin,169,93,3,3,0.004105,0.000100
monk,85,107,8,3,0.000100,0.004105
hunter,77,200,0,3,0,0.002273
rogue,123,208,3,3,0.000100,0.004107
priest,47,56,0,3,0,0.000100
deathknight,192,123,3,3,0.004105,0.000100
shaman,132,82,3,3,0.000100,0.003289
mage,38,48,0,3,0,0.000100
warlock,64,73,0,3,0,0.000100
druid,97,91,0,3,0,0.004105
