dodge,dodgeFromRatingPreDR,agility,parry,parryFromRatingPreDR,strength
3.0123000144958,0,0,3.7881598472595,0,0
3.0123000144958,0,0,4.8879442214966,1.0562914609909,0
11.359955787659,8.7898540496826,0,21.267683029175,3.5574388504028,3528
16.412172317505,14.871075630188,1615,21.267683029175,3.5574388504028,3528
4.5067820549011,1.4146761894226,380,21.283853530884,0,4399
7.4734697341919,4.4741492271423,115,33.371627807617,11.67202091217,5028
