dodge,dodgeFromRatingPreDR,agility,parry,parryFromRatingPreDR,strength
17.416542053223,0,4611,0,0,0
7.5777025222778,5.2852301597595,0,0,0,0
3.3735551834106,0,0,0,0,0
27.768983840942,10.457285881042,6121,0,0,0
