dodge,dodgeFromRatingPreDR,agility,parry,parryFromRatingPreDR,strength
3.4545998573303,0,0,0,0,0
4.4180264472961,0.95820730924606,0,0,0,0
13.627330780029,0,4754,0,0,0
22.071966171265,6.3830184936523,6471,0,0,0
25.124391555786,10.44596862793,6471,0,0,0
