dodge,dodgeFromRatingPreDR,agility,parry,parryFromRatingPreDR,strength
3.0048000812531,0,0,0,0,0
3.0470058917999,0,415,0,0,0
8.0884304046631,5.172055721283,0,0,0,0
13.519480705261,10.951479911804,1615,0,0,0
