dodge,dodgeFromRatingPreDR,agility,parry,parryFromRatingPreDR,strength
6.7466959953308,4.7344493865967,0,8.0084991455078,0,0
3.4392349720001,0,0,8.0084991455078,0,0
16.123523712158,0,4508,8.0084991455078,0,0
22.974485397339,9.8461456298828,4643,8.0084991455078,0,0
16.345428466797,0.18862348794937,4543,12.934321403503,7.3940405845642,130
