dodge,dodgeFromRatingPreDR,agility,parry,parryFromRatingPreDR,strength
3.0172979831696,0,115,0,0,0
3.0055999755859,0,0,0,0,0
7.9673185348511,5.0437917709351,0,0,0,0
13.274976730347,10.823215484619,115,0,0,0
