dodge,dodgeFromRatingPreDR,agility,parry,parryFromRatingPreDR,strength
3.8542561531067,0,0,3.0123000144958,0,0
4.8176822662354,0.95820730924606,0,3.0123000144958,0,0
20.914585113525,0,4649,3.0123000144958,0,0
30.934825897217,6.6848163604736,6376,3.0123000144958,0,0
25.47505569458,4.4213342666626,5032,3.0254566669464,0,130
33.537620544434,10.653454780579,6376,3.0173604488373,0,50
25.727691650391,4.4213342666626,5116,6.9260625839233,3.9686381816864,50
22.257549285889,0.18862348794937,5022,10.877191543579,8.2013492584229,130
