dodge,dodgeFromRatingPreDR,agility,parry,parryFromRatingPreDR,strength
3.2696981430054,0,0,3.013200044632,0,0
7.0085129737854,3.7913320064545,0,3.0544838905334,0,408
17.299425125122,0,4664,3.013200044632,0,0
29.373279571533,10.442195892334,6380,3.013200044632,0,0
22.013763427734,4.6929521560669,5036,3.0263566970825,0,130
16.39172744751,0.18862348794937,4275,10.664394378662,7.9787735939026,0
18.957563400269,0.73940408229828,5057,9.699538230896,6.9111642837524,130
