dodge,dodgeFromRatingPreDR,agility,parry,parryFromRatingPreDR,strength
3.0072999000549,0,0,0,0,0
3.0189979076385,0,115,0,0,0
7.8073511123657,4.8740310668945,0,0,0,0
13.285877227783,10.683633804321,1615,0,0,0
